handle;nb_followers
beauty_tipsxj;
@lauurajayyne;
loisdawnroberts;
jessiet_xox;
nicole_mackenzie_5;
https://www.instagram.com/x_midnightrose/;
@lilyrules;
sarina_poe;
Valentine2219;
hana.rart;
beauty_fix_blog;
https://www.instagram.com/pumkinpie87/;
xxsabahhhhxx;
Mizziraa;
kirstymcqueencosmetics;
sophie_sylvia_abbott;
@myabee1984;
Diredowl;
https://www.instagram.com/dominiquarose/;
lofentanil;
@Norkhog;
@caitlindoesmakeupx;
Erin_april_;
jen.bassi;
@chanel_gates_xo;
@chelovek_masha;
@mysterydesigns;
lipstickcamerafashion;
@kirstylove144;
@beautyby_helia;
abbis21;
_veganstudent_;
Faiezah3000;
@fressam.beauty;
shellw1992;
jvnnvth.b;
chantellelawrence89;
Mehndi_by_ikki;
AliceBeb;
Darksweetrevenge;
youlittlebeauties;
ashmcourt ;
alice.rundle;
@crazycurves_;
jackrusselllife11;
@beautybybeccauk;
@danielalutea;
@christyrobinsonxx;
darkbatqueen;
instagram clduk;
apriljasmin97;
lauras_revolution;
graacerhodes;
_annatao;
amy._.owers;
kerrygreen81;
bhumi1431;
@mossyxo;
@susmita_xo;
amyings1;
@kayleighlouxx;
nuzzy16_xo;
https://www.instagram.com/hairandmakeupbymaisie/;
@deannebuldore;
Lilmisstakee;
jt_beaut;
jessicanorth733;
@sashabarber__;
elliek5xx;
@wonderfulwizzie;
@Another_make_up_artist;
@Shennannn;
@natalieskoett;
chloemccrea;
Littlemiss_satan;
@sarahcarolinemorris;
courtney_wilkinson_;
@lucylulop;
@beauty_addictsd;
Weezbeauty & Dipszb;
Jay.jayclay92;
dm93md;
Sandra_antonioxo;
Moomie1981;
sophiequinnofficial;
adventurousbelle;
amypopx;
@Ella89x;
bradbr0ok ;
emily_osborne.x;
@Cassidyloren24;
miral.sheikh;
Themakeupmuddle;
shoqx9;
94;
@missk_mua;
Nora_C_x;
https://www.instagram.com/chronically_noobular/;
amyjubbs;
@emma.undrill;
Linzi_smiler_walsh;
insta_bee_93;
Wandana faheem;
TheDevilWearsBoots;
irumidk;
@lisj21x;
@Kav174x;
neavex._;
india_woodhams;
miafirth98;
https://www.instagram.com/ameliajc_123_/;
velvet_canyon_beauty;
@tahreenakther;
Amybyrne.xo;
@maefergusonmua;
_.selinyilmaz;
Jessviljakainen;
emilytks2;
_coco.vx ;
ellen._.f;
xhannah1998x;
Oliviahicklin ;
Karinmcgivern ;
Lottie1994;
@sannafatjma;
BethanieMarie_;
Ktsavagebeauty;
Xantheciara ;
Beckiiwarren;
Zoepalmers;
faeriecorpsey;
@charlottenicolebains;
x____idc____x;
its_sineadg;
@olivia_lou04;
Chloecowen_;
tanyaaa_;
x_jordon.m;
tamara.t_x;
natallli_p;
@Sarah_Regan_;
allyflintt;
thisjangirl;
https://www.instagram.com/mollyk.joyner/;
sineadf81;
anamargaridaaldeias;
islamegan_;
Mxds.__;
@lisamcclintock;
@issie.b;
ReillyRosalind ;
abidabby.doo;
Cuddlykiki;
deeolivemorgz;
@gabrielladaway;
marinaastg;
https://www.instagram.com/sweet_as_pinkk/;
@_sairaaaxo;
catjbowen;
lxzziie;
@emendicott_;
jodieprince90;
poppy_mist;
hanedms;
@hannahjcarroll;
sophietilling;
erika_shearwoodxx;
shananicoletaylor;
liciloula;
mariaparveenali;
celine.crahay;
bethany.milner;
kiera.xd;
meg_green16;
Ashelizabethmakeupmcr;
jolantavasilkova;
lia7103;
@Gabystarbuckvocalist;
irishlouisegemma;
natasmakeup;
@zoew_x;
abbey_wonderlandmua;
nailah.zai;
mariay212;
jennagoudie;
CMysteeMakeup;
parisha_xo;
@ellie.mccracken;
@ellie.mccracken;
@niamhdarby;
annaoconnellll;
@jade.isobel;
shannon.chelsom;
yazzbaz;
tegan_sanders;
_.rebecca._.cook._;
elisha_boddyxx;
aimee_jefff;
https://www.instagram.com/blackgirlswatchesuk;
shelby1997.sl;
@Laurenmorton_;
hanny_oconn;
hollieharveyx;
x.charlie.x;
@sash.her;
shantowler;
jess_oyedele;
emily_herron_;
@emilyglanvill;
@girlbossgirlsavage;
dianekiddd;
rukejamu;
@missy_shiv;
sophiebethr;
Cadams99;
elliecreation;
ambersilvver;
instagram.com/itshollyking/;
abbiskipper;
_rutkauskaiteg;
emilyleahey;
leila_stringer;
@bobbithomson;
@Plasthicck;
rosamua_xo;
aiysha.dakri;
dionne_c;
zoemccartneyx;
@eve.hopkins16;
@chardaz;
@amritasinghmua;
_lizzywest;
https://www.instagram.com/;
@_xgeorgia.brucex_;
nicolebiechx;
milky.teacup;
annelaurebx;
xmollyclark;
@beingbriony;
K8SW76;
lucystottx;
@chloepilkington;
Ca.theriine;
jasmineknowles_xo;
@glambylaurenxo;
estelleruthmoore ;
Sinnyxc;
limsreviews;
@hollybale_xox;
m.eganchandlerx;
@rachaeljemmett;
@Duckyy_17;
alima_011;
@kayleigh_kavanagh;
@tatianacorreiamua;
Yourgirl.nz;
Lucylockettlm67;
http://www.instagram.com/mookie7x7;
sandradefreitas;
@kelsfergo;
beaussima;
imcalledjadexo;
eviewadkin;
_zuhalrah;
@ig.nancy;
ImSandraxo;
charlotte.e3;
sianvalentina ;
adelinamakeups;
lisastephen_;
itz.dannnnn;
@brogantatexo;
"><h1>test</h1><a href='#'>test</a>
Confused		
F		
Kartikay		
prasoon		
Bug		
Alaa		
sdf		
sad		
chloe		
mike		
Christina		
Sanjidah		
Sonja		
Ellie		
Attacke		
june		
Toks		
WOW		W
ede		
Farjana 		
dsadsa		
aaa		
MORAG		
X V		
Rebecca 		
AAAABBBBCCCCDDDDEEEEFFFFGGGGHHHHIIIIKKKK		
Bobbie		
Hacker		
Abbie		
Jade		
a		
Eleonora 		
knight		
hackerone		
Patrycja		
Anna		
Rita		
Victim		
Ramona		
denise		
Anna		
Karishma		
Rebekah		
Ira		
ariel		
Ian		
}//";
Instagram;
nataliegeorginarobinson_x;
Inactive;
Not active;
.;
UK;
Twitter :ramisaathanda;
im acc 14 yrs old but it aint got my birth year smh;
xforgem;
United Kingdom;
@thisisjusthannah;
colmurchie;
SuperdrugPR;
https://www.instagram.com/dermawriter/;
England;
liv.chat;
No insta;
sirawannabemua;
@caramxla;
Not active ;
jxssy.1;
Active_abzx;
caseycaddy_xo;
  NOT GIVING;
inderpreetdhaliwal22;
@turquoise_turtle_fur;
leahannbrittany;
jona1298989;
.;
tianna_xxoxx;
@gia.nicolx;
cathphillipsx;
https://www.instagram.com/invites/contact/?i=69wzo67bwhhb&utm_content=60cqg39;
lil_gurbs;
revasharkbait;
@kellydot;
caraamae_makeup;
laneeboyatsixx;
www.instagram.com/smileyshazza;
Joshworley04;
Leahannbrany;
changaals;
@Lllibra.69;
vgrfdhyj;
Beauty;
@lsilverblade1;
krimson_kimono74;
N/a;
mumito_s_e_j;
makeupbyjessicacarrickxo;
Na;
@raimondafied;
x_zaraxo_;
cbiip;
@daisyyhood;
Not at the moment ;
farideh3254;
ivyellephant;
@emmajaynee1;
megan__price;
Acexix_mua;
Jasminestarmullans;
francescalrc;
country2;
UK;
France;
Belgium;
Uk;
rachelannshepherd;
kadie.eve;
xx_raygan_xx ;
_els.13;
Elliexxeades;
...;
makeupbyemma_b;
@tayarna_ldn;
itslawatts;
hauntoblivion;
charhag12;
@sxauna;
skier;
im actaully 14, just doesn't have my age,;
yes xx;
INACTIVE;
...;
.;
@ellepottertg;
N/A;
emmachalmersgram;
katy6345_black;
N/A;
_msiku;
@itzjustemmahere;
@officialkatiehull;
Lxcinda_;
@Oliviamimi91;
katie.williams99;
bonnie0454;
iyaitslucy;
Tatianakaer;
bethymaee;
jessclarri;
sianyjones858;
divineandconquermua;
@rach_does_nails;
@georgiagilby;
@kathrynhowardmua;
N/A;
abby.wilson05;
ellieannward;
https://www.instagram.com/fox.astra/;
llisamcll;
ellalouisewatson;
lindsay_saint;
makeup_by_krzys;
glambycloux ;
jakub.chlebus;
Makeup_lover_clarissaw;
Shannon_mcinerney;
@esther_says;
miasissons_;
ickle_vintage;
e.m.r.16;
@megsnewnes;
caitlin.allison;
michala182;
stxcieepxigeox.   SC- staceeypaige;
xkez_29x;
robynexists;
beth.darlington98;
@bengalulu411;
@maansiguptaa;
thatchelsealouiisegirl;
megan_curryxx;
@the.tasteful.angel;
@_pxigelouise;
laelia.sancho;
07kitcat1998;
@cnique_beauty;
greta.arlx;
anna_ketenjian_beauty;
_chloe.does.makeup_;
GemsUpNorth;
@The.Beauty.Boo;
@shellyfmakeup ;
thebiggaylifestyle;
  @Chrissy.1919;
christina.lagios;
N/A;
destinysinger.x;
instagram.com/kay_l_w;
@floralsands;
@megandickinsonx;
evaroseselway;
serenajoelle_8;
edenlouisex;
@stephwmakeup @stephwoodsxx;
official.l.h;
France;
abi_leswisse;
Laurenmarciaharvey;
rhi.rhi96;
aoife.cassidy06;
charleys_beautyxx;
None;
@katiesara;
Renee_browne_;
rachleanne1111;
@jennytschanschek;
kira_.xxz;
_lorxna;
Don‚Äôt have;
N/A;
nope;
emily_farthing;
sarahkateemc;
N/A;
meg_smillie;
@maegan.woodall;
Libbyydonaldson;
klyprtr;
@zoedennismua;
@_jlmakeup.nailsx;
emilyvictoriamorris;
skinyyyyygirl;
X.sanna.xo;
_jessicahopex;
abigailcurtis;
@ozgurilerten;
Juliettedybalski;
unicornqu33n17;
@_xulyx;
sk_sonia101;
Aimee__._;
@teganowen11;
Carrie.slaterx;
caramason1971;
pooorlilthing;
georgina.parsons00;
https://www.instagram.com/kristinpoljakov/;
@themusingsofangela_;
@themakeupbybeth;
_ellabella ;
-;
selfcarebabies_xx;
rachel_alice15;
emilymay91_x;
www.axlbeauty.co.uk;
@_d.aguila.__;
@georgia.lxly;
cerimaclarty;
@viowlett;
@monica_maffeo;
charliehernanx;
@klaudias_makeup;
lottietomkins_;
sookiebbrown;
@amyrosiex;
@X_h._jxn_X;
N/A;
@phoebeashton_;
Kelseyy__10;
@abbibudd_xox;
ishx.life;
France;
@Thenicolafirmin;
mollyy.hall;
Sunderland;
Leeds;
@robyn_wyllieee;
lillywagner24;
Canuckinthe_uk;
Candisia.Creations;
emma.lynas;
Hmm...;
@millie.turvey;
PaigeeLourdess;
instagram.com/bijalmusic;
joe_tay_122;
nikki.holder162;
katiekmakeupxc;
Gulnaazkara4951;
@xtina_hajrova;
meganmullett18;
absw_shere_;
ashjck_;
hanburtenshaw;
Thetravelling.Panda;
@bedailydaisy;
@crueltyfreebeautyblog;
dont have;
CharlCoulson;
Annigee.jpg;
@thehorseycurlgirl;
Kate.huc;
ssamanthajjade;
@_radio_anna;
United Kingdom;
@livinglifejadecross;
www.instagram.com/giorgianalia;
M_clyx;
skye.mxx;
Ameliaelizabeth_._;
üòÅ;
@me.ganclare;
ella_26x0;
ella.cabell;
maia.rose.williams;
@makeupbytaya_;
looksbyniamh;
Beautybybroganmia ;
makeupbyjaydenlow;
Nats_gilson;
okayraziaa;
lydiadaniells;
@Cerriejayne;
izzycswx;
lisamariekilduf ;
prinnyteeexoo;
@ellisrubyyt;
tybabyyy___;
elizalou15 ;
gloriennef;
Tina Wall scourfield ;
@Rach.leary;
9oliwka;
abi_herbert;
Chardonnayboylan;
@maisiedav.is;
miniblackdevil;
Amyellen_x;
@blink1katie2_makeup;
EmmaAdeleG;
lisanguyenxox;
chelseybruce.xo;
@doingwhatilove28;
violetpagee;
glambyeilidhx;
Tybabyyy___;
@phoebejowalker;
Chloea94;
Megannhogg;
ellemayx3;
diamndst23;
@amandajanecoates_makeup;
fressaid;
lucia_edwardsx;
@andree_petcu;
xarooxx;
@elle_cable_;
moll_hayton;
Bracknell;
bellissima.boutique23;
Wokingham;
jesssmale_;
@fayei4x;
_indxe_;
@hurnae90;
harriet__newsome;
@SandraMcclinton;
@sydnee_jayne;
MotherMoon13;
@makeupbyailidhxoxo;
@jesraerae;
@aev.mua;
https://www.instagram.com/maribelion;
Lincoln;
exll.ie;
livyx.makeup;
@chloe.dominy;
makeupshan_xx;
@elenadallagnese;
Ellie.thomsonxox ;
xx_zarqa_xx;
sp140496;
@imogenhutt;
rachelgoaten;
@sophiexxfifi;
instagram.com/nida_afreen03;
kaiseyleighx;
@sarah.randle;
Lbartistry_x;
Lucykmakeup;
defeat.the.sleep;
Amelia_auston;
Earth;
sleepymango_;
fanaccount1005;
@suzu1982;
_alisha__h;
Makeup_bygeorgina;
Charlottehyattwillis;
Ma_makeup_2020;
tiffersinit;
Newcastle upon ;
alecsandrally;
Birmingham;
@janekholaaa;
London;
@eleanorwhittakerr;
www.google.com;
www.instagram@website/test;
ell.sirz;
Tillie.mai.xx;
@kellserskr;
::after <!---->ad;
Nottingham;
https://jsfiddle.net/gdhhdg/kg51j2r0/;
https://google.com;
a;
a;
abigail.leeming.07;
ig;
@_.chloe.stewart._;
berenice_combe;
"zdfawer@awer.com<>""";
ll.abe;
tt;
cienna_x;
';
Thequizdaily;
"qwe'""<>";
Tania Vinten;
justbeingamy;
Social media break ;
southampton;
hey.nicola;
elegance_with_nicola;
<h1>hello</h1>;
@evie_keeley;
Kayhoney__;
__.chloe.am;
http://google.com<i>;
angel.shmeegal;
https://www.instagram.com/asas;
itsdaysiduffy_;
https://rxs2i55x3te2cebwmlf3we43dujl7a.burpcollaborator.net;
wef;
@DoYouEvenPressThough;
LuLiLa_96;
XXkeleighlovexx ;
sk.begum;
@a.nna_w;
sarahlouiisee92;
nwiggins02;
X;
Courtney_neal2107;
connieneaves;
Case.youngx;
katielw74;
test;
France;
test;
beccamturrell ;
caseyboo23;
sim_sanghera_;
sanjanadawar;
gr4cie_bell;
axtailor;
@sianrossbeauty;
radders1101;
Seaniedixon;
@qzt2xcue6jvgtmvlh3dx1sce95f03p.burpcollaborator.net;
hannah_louise_1999;
ebony_2706;
lazarova_iva;
Folkestone;
luvurselfolwayz;
Beauty.ByKatie1;
sara.rida;
emh2709;
xxalisha.katexx;
rebexii_xo;
@princessleighia;
marie_hxrrington;
Fayebeesworld;
@Drnaomihodgson;
_chloejasmine;
hi;
lydelgato;
@jakimovaite;
_elilyxo;
aiste_tum;
gloriosa_rosea;
Englishrose95 ;
_nameeraaaa;
honeymb.x;
Eleanorrawsthorn ;
K8lyn_882;
elliemaiartistry;
Aylesbury;
@emilyseaward;
Jesgill;
@kee.rimingtonx;
jo_succulentplantmum_uk;
brandabees.com;
@_dxmi.m_;
@mollymusker;
@fernpridmore;
Josieee.mayyy;
@make_upuniqueness;
_zoebeardmore;
ellaxrussell;
Carolann_reidx ;
France;
preslavav;
itz_erika7;
@makeupbybeess;
lauren_rose.x;
jagoda_291;
@jordanarthur15;
@forestdewdr0p;
_aimeestenton_;
stormchaser1919;
charlotteneild16;
Saiqaali786;
copperteabeauty;
sanrisu;
RACHELCFIRTH;
maisiehuntington123;
angelabewick;
megandkernan;
@clairebybear ;
xxx;
tanblogs;
@alicerosemajor;
isthis_it;
@vivian_granger;
Brittany__mckenna;
@basicblonde2000;
debeelockitt;
@wildeopal;
emmarebeccamakeup;
chloe_annalou;
Don‚Äôt have it;
@savory_times;
megan15_priv;
ciaratristrammakeupartist;
Don't Have;
@sophyfranx;
ria.m;
N/A;
France;
Zosika_xox;
ByUrwah;
Emma_Louise_Cowey1997;
Madeupliv;
lauraevexo;
aimmxox;
malikamagda ;
France;
bgdnaa0;
Tonipeake1;
none;
France;
emilyroseblog23;
lilcooki3;
France;
France;
France;
@janetkardos;
tammierussell96;
@niamhmccarthyy_;
gdrhbagvbng;
Todmorden;
N/A;
stephanie_ellen__;
thefloss13;
Belgi√´;
@krystyna_beatricexox;
@themultidad;
Saria245;
pinkteavanity;
france;
humayraa.xx;
jasminereiid;
leyester.xo;
Nykiebee;
